,actual_stable,actual_sub,actual_del,pred_stable,pred_sub,pred_del,actual_class,pred_class
0,1.0,0.0,0.0,0.98009086,0.009121439,0.01078776,0,0
1,1.0,0.0,0.0,1.0,0.0,0.0,0,0
2,1.0,0.0,0.0,0.99770206,0.00229793,0.0,0,0
3,1.0,0.0,0.0,0.978963,0.0,0.021037025,0,0
4,1.0,0.0,0.0,1.0,0.0,0.0,0,0
5,1.0,0.0,0.0,1.0,0.0,0.0,0,0
6,1.0,0.0,0.0,1.0,0.0,0.0,0,0
7,1.0,0.0,0.0,1.0,0.0,0.0,0,0
8,1.0,0.0,0.0,0.87469614,0.12530382,0.0,0,0
9,1.0,0.0,0.0,0.97850317,0.021454858,4.1972547e-05,0,0
10,1.0,0.0,0.0,0.8883873,0.0003567989,0.111255884,0,0
11,1.0,0.0,0.0,0.99868685,0.0013131689,0.0,0,0
12,1.0,0.0,0.0,0.9835654,0.016434597,0.0,0,0
13,1.0,0.0,0.0,0.99625707,0.003738399,4.5594707e-06,0,0
14,1.0,0.0,0.0,0.9990328,0.0009672303,0.0,0,0
15,1.0,0.0,0.0,0.72057897,0.2794103,1.0730188e-05,0,0
16,1.0,0.0,0.0,0.87423235,0.12575434,1.3325839e-05,0,0
17,1.0,0.0,0.0,1.0,0.0,0.0,0,0
18,1.0,0.0,0.0,0.9835488,0.016451208,0.0,0,0
19,1.0,0.0,0.0,0.92561054,0.0743895,0.0,0,0
20,1.0,0.0,0.0,0.9993643,0.00063567056,0.0,0,0
21,0.98,0.02,0.0,0.8667318,0.1332682,0.0,0,0
22,1.0,0.0,0.0,1.0,0.0,0.0,0,0
23,1.0,0.0,0.0,0.9944321,0.0055679097,0.0,0,0
24,1.0,0.0,0.0,0.87785786,0.1221312,1.0932259e-05,0,0
25,1.0,0.0,0.0,0.99923086,0.0007691507,0.0,0,0
26,1.0,0.0,0.0,0.9997078,0.00029222414,0.0,0,0
27,1.0,0.0,0.0,1.0,0.0,0.0,0,0
28,1.0,0.0,0.0,0.99398494,0.0,0.006015073,0,0
29,1.0,0.0,0.0,0.9997224,0.0002776156,0.0,0,0
30,0.64,0.36,0.0,0.9946253,0.0053746817,0.0,0,0
31,1.0,0.0,0.0,0.9996775,0.0003225973,0.0,0,0
32,0.96,0.04,0.0,0.9988572,0.0011428387,0.0,0,0
33,1.0,0.0,0.0,1.0,0.0,0.0,0,0
34,1.0,0.0,0.0,0.9874029,0.012597065,0.0,0,0
35,1.0,0.0,0.0,1.0,0.0,0.0,0,0
36,1.0,0.0,0.0,0.9783095,0.021690529,0.0,0,0
37,1.0,0.0,0.0,0.9996139,0.00038605873,0.0,0,0
38,1.0,0.0,0.0,0.99523455,0.0,0.0047654007,0,0
39,1.0,0.0,0.0,0.9889112,0.0110887755,0.0,0,0
40,1.0,0.0,0.0,0.9997527,0.0,0.00024733285,0,0
41,1.0,0.0,0.0,1.0,0.0,0.0,0,0
42,1.0,0.0,0.0,0.99642605,0.0035318092,4.211586e-05,0,0
43,1.0,0.0,0.0,1.0,0.0,0.0,0,0
44,1.0,0.0,0.0,0.99701,0.0029899322,0.0,0,0
45,1.0,0.0,0.0,0.8781805,0.11735559,0.00446398,0,0
46,1.0,0.0,0.0,0.9792335,0.020766502,0.0,0,0
47,1.0,0.0,0.0,0.985261,0.014690895,4.81274e-05,0,0
48,1.0,0.0,0.0,0.9876718,0.012328206,0.0,0,0
49,1.0,0.0,0.0,1.0,0.0,0.0,0,0
50,1.0,0.0,0.0,0.9999623,3.766725e-05,0.0,0,0
51,1.0,0.0,0.0,0.9996898,0.0,0.00031017157,0,0
52,1.0,0.0,0.0,0.970882,0.029117951,0.0,0,0
53,1.0,0.0,0.0,1.0,0.0,0.0,0,0
54,1.0,0.0,0.0,0.9809659,0.019034093,0.0,0,0
55,1.0,0.0,0.0,0.9984291,0.0015399532,3.0919822e-05,0,0
56,1.0,0.0,0.0,1.0,0.0,0.0,0,0
57,1.0,0.0,0.0,0.99964833,0.0003516847,0.0,0,0
58,1.0,0.0,0.0,0.9991404,0.0008596035,0.0,0,0
59,0.9,0.1,0.0,0.8534089,0.14659105,0.0,0,0
60,1.0,0.0,0.0,0.9865622,0.013437777,0.0,0,0
61,1.0,0.0,0.0,0.83608663,0.16391337,0.0,0,0
62,1.0,0.0,0.0,0.9850529,0.014802897,0.0001442263,0,0
63,1.0,0.0,0.0,1.0,0.0,0.0,0,0
64,0.96,0.04,0.0,0.9893897,0.010610317,0.0,0,0
65,1.0,0.0,0.0,0.9616282,0.038332906,3.8925213e-05,0,0
66,1.0,0.0,0.0,0.984888,0.015111995,0.0,0,0
67,1.0,0.0,0.0,0.990518,0.009482009,0.0,0,0
68,1.0,0.0,0.0,0.9955268,0.0044731945,0.0,0,0
69,1.0,0.0,0.0,1.0,0.0,0.0,0,0
70,1.0,0.0,0.0,0.9840684,0.015931634,0.0,0,0
71,1.0,0.0,0.0,0.99930084,0.0,0.0006991663,0,0
72,1.0,0.0,0.0,0.99663967,0.0033177144,4.2596155e-05,0,0
73,1.0,0.0,0.0,0.9701468,0.029853273,0.0,0,0
74,1.0,0.0,0.0,0.9337908,0.06607398,0.00013518338,0,0
75,1.0,0.0,0.0,0.9683227,0.031677276,0.0,0,0
76,1.0,0.0,0.0,0.8236943,0.17630574,0.0,0,0
77,1.0,0.0,0.0,0.99997795,0.0,2.2070757e-05,0,0
78,1.0,0.0,0.0,0.99438417,0.0056157648,0.0,0,0
79,1.0,0.0,0.0,1.0,0.0,0.0,0,0
80,1.0,0.0,0.0,0.9952881,0.004711936,0.0,0,0
81,1.0,0.0,0.0,1.0,0.0,0.0,0,0
82,1.0,0.0,0.0,1.0,0.0,0.0,0,0
83,1.0,0.0,0.0,0.9905315,0.009468457,0.0,0,0
84,1.0,0.0,0.0,0.9933512,0.006648774,0.0,0,0
85,1.0,0.0,0.0,0.99876094,0.0012390645,0.0,0,0
86,1.0,0.0,0.0,1.0,0.0,0.0,0,0
87,1.0,0.0,0.0,0.9913526,0.00864732,0.0,0,0
88,1.0,0.0,0.0,1.0,0.0,0.0,0,0
89,1.0,0.0,0.0,0.9533225,0.046677437,0.0,0,0
90,1.0,0.0,0.0,0.99782073,0.002179195,0.0,0,0
91,1.0,0.0,0.0,0.99431086,0.005689134,0.0,0,0
92,1.0,0.0,0.0,1.0,0.0,0.0,0,0
93,1.0,0.0,0.0,1.0,0.0,0.0,0,0
94,1.0,0.0,0.0,0.98374325,0.016256725,0.0,0,0
95,1.0,0.0,0.0,0.99999917,0.0,8.5844954e-07,0,0
96,1.0,0.0,0.0,1.0,0.0,0.0,0,0
97,1.0,0.0,0.0,1.0,0.0,0.0,0,0
98,1.0,0.0,0.0,1.0,0.0,0.0,0,0
99,0.76,0.24,0.0,0.9993457,0.0,0.000654286,0,0
100,0.9795918367346939,0.02040816326530612,0.0,0.9972641,0.002735877,0.0,0,0
101,1.0,0.0,0.0,1.0,0.0,0.0,0,0
102,1.0,0.0,0.0,0.9885491,0.011148649,0.0003022577,0,0
103,1.0,0.0,0.0,0.9821697,0.017195381,0.00063492,0,0
104,1.0,0.0,0.0,0.9885489,0.0,0.011451147,0,0
105,1.0,0.0,0.0,0.9663407,0.033659246,0.0,0,0
106,1.0,0.0,0.0,0.9978128,0.0021872034,0.0,0,0
107,1.0,0.0,0.0,0.90563625,0.020334527,0.074029215,0,0
108,1.0,0.0,0.0,0.99637794,0.0035794803,4.255964e-05,0,0
109,1.0,0.0,0.0,0.9462274,0.05377266,0.0,0,0
110,1.0,0.0,0.0,0.9988476,0.0011523734,0.0,0,0
111,1.0,0.0,0.0,0.988079,0.011920966,0.0,0,0
112,1.0,0.0,0.0,0.9978448,0.0021551552,0.0,0,0
113,1.0,0.0,0.0,0.985145,0.014855051,0.0,0,0
114,1.0,0.0,0.0,0.98324794,0.016752081,0.0,0,0
115,1.0,0.0,0.0,0.9895561,0.010443927,0.0,0,0
116,1.0,0.0,0.0,0.9861472,0.013852812,0.0,0,0
117,0.84,0.16,0.0,0.99265903,0.007341005,0.0,0,0
118,1.0,0.0,0.0,0.9077572,0.0,0.09224282,0,0
119,1.0,0.0,0.0,0.9740416,0.025924375,3.400692e-05,0,0
120,1.0,0.0,0.0,1.0,0.0,0.0,0,0
121,1.0,0.0,0.0,0.99988616,0.0,0.00011382465,0,0
122,1.0,0.0,0.0,0.98946047,0.010539535,0.0,0,0
123,1.0,0.0,0.0,0.9999826,0.0,1.7364671e-05,0,0
124,1.0,0.0,0.0,0.9999299,7.01109e-05,0.0,0,0
125,1.0,0.0,0.0,0.997572,0.002428028,0.0,0,0
126,0.96,0.04,0.0,0.9990451,0.0009549066,0.0,0,0
127,1.0,0.0,0.0,0.77013373,0.22947593,0.000390286,0,0
128,1.0,0.0,0.0,1.0,0.0,0.0,0,0
129,1.0,0.0,0.0,0.9102559,0.089744054,0.0,0,0
130,1.0,0.0,0.0,0.9960141,0.0039858543,0.0,0,0
131,1.0,0.0,0.0,1.0,0.0,0.0,0,0
132,1.0,0.0,0.0,0.95845205,0.041547947,0.0,0,0
133,1.0,0.0,0.0,0.97892547,0.021074576,0.0,0,0
134,1.0,0.0,0.0,1.0,0.0,0.0,0,0
135,1.0,0.0,0.0,0.99621135,0.0037886216,0.0,0,0
136,1.0,0.0,0.0,0.9946772,0.005322842,0.0,0,0
137,1.0,0.0,0.0,0.9932018,0.00679822,0.0,0,0
138,1.0,0.0,0.0,1.0,0.0,0.0,0,0
139,0.96,0.04,0.0,0.97175443,0.028245598,0.0,0,0
140,1.0,0.0,0.0,1.0,0.0,0.0,0,0
141,1.0,0.0,0.0,0.99223286,0.0077246623,4.2440668e-05,0,0
142,1.0,0.0,0.0,0.99622667,0.0037733484,0.0,0,0
143,1.0,0.0,0.0,0.99851644,0.0014835998,0.0,0,0
144,1.0,0.0,0.0,0.9986528,0.0013472147,0.0,0,0
145,1.0,0.0,0.0,0.99244875,0.007551243,0.0,0,0
146,1.0,0.0,0.0,0.88564676,0.1143532,0.0,0,0
147,1.0,0.0,0.0,0.9982007,0.0017993293,0.0,0,0
148,1.0,0.0,0.0,0.99576724,0.0042327447,0.0,0,0
149,1.0,0.0,0.0,0.95813274,0.041867208,0.0,0,0
150,1.0,0.0,0.0,0.95074177,0.049258195,0.0,0,0
151,1.0,0.0,0.0,1.0,0.0,0.0,0,0
152,1.0,0.0,0.0,1.0,0.0,0.0,0,0
153,1.0,0.0,0.0,1.0,0.0,0.0,0,0
154,1.0,0.0,0.0,0.9754334,0.024566578,0.0,0,0
155,0.98,0.02,0.0,0.99156815,0.008431862,0.0,0,0
156,1.0,0.0,0.0,0.99386877,0.0061312555,0.0,0,0
157,1.0,0.0,0.0,0.9543375,0.045662567,0.0,0,0
158,0.64,0.36,0.0,0.29279694,0.7071839,1.9134612e-05,0,1
159,1.0,0.0,0.0,0.99940896,0.00059097674,0.0,0,0
160,1.0,0.0,0.0,1.0,0.0,0.0,0,0
161,1.0,0.0,0.0,0.9927856,0.007214422,0.0,0,0
162,0.64,0.36,0.0,0.99967754,0.00032252067,0.0,0,0
163,0.98,0.02,0.0,0.9445799,0.055406585,1.3558785e-05,0,0
164,1.0,0.0,0.0,0.9985484,0.0014516504,0.0,0,0
165,1.0,0.0,0.0,0.9994282,0.0005718209,0.0,0,0
166,1.0,0.0,0.0,0.9960035,0.0039965375,0.0,0,0
167,1.0,0.0,0.0,1.0,0.0,0.0,0,0
168,1.0,0.0,0.0,1.0,0.0,0.0,0,0
169,1.0,0.0,0.0,0.9510177,0.0489823,0.0,0,0
170,1.0,0.0,0.0,0.9898347,0.010165272,0.0,0,0
171,1.0,0.0,0.0,1.0,0.0,0.0,0,0
172,1.0,0.0,0.0,0.872286,0.12771401,0.0,0,0
173,1.0,0.0,0.0,1.0,0.0,0.0,0,0
174,0.64,0.36,0.0,0.9495916,0.05040841,0.0,0,0
175,1.0,0.0,0.0,0.9976393,0.0023607777,0.0,0,0
176,1.0,0.0,0.0,0.71746117,0.2825389,0.0,0,0
177,1.0,0.0,0.0,0.99867696,0.0013230423,0.0,0,0
178,1.0,0.0,0.0,0.9337622,0.06623782,0.0,0,0
179,1.0,0.0,0.0,0.9797441,0.020255916,0.0,0,0
180,1.0,0.0,0.0,0.9948384,0.0,0.00516161,0,0
181,0.98,0.02,0.0,0.99832857,0.0016714281,0.0,0,0
182,1.0,0.0,0.0,0.9965433,0.0034566873,0.0,0,0
183,1.0,0.0,0.0,0.9932115,0.006788442,0.0,0,0
184,1.0,0.0,0.0,0.99026287,0.009737133,0.0,0,0
185,1.0,0.0,0.0,0.8665192,0.13346659,1.4141588e-05,0,0
186,1.0,0.0,0.0,0.9996764,0.0003236465,0.0,0,0
187,1.0,0.0,0.0,0.945855,0.054144964,0.0,0,0
188,1.0,0.0,0.0,1.0,0.0,0.0,0,0
189,1.0,0.0,0.0,0.99682266,0.0031773753,0.0,0,0
190,1.0,0.0,0.0,0.9965765,0.003423452,0.0,0,0
191,1.0,0.0,0.0,0.9996693,0.00033067464,0.0,0,0
192,1.0,0.0,0.0,0.99993587,0.0,6.411446e-05,0,0
193,1.0,0.0,0.0,0.9908187,0.009181309,0.0,0,0
194,0.62,0.38,0.0,0.9936417,0.006358341,0.0,0,0
195,0.96,0.04,0.0,0.99241346,0.0075865174,0.0,0,0
196,0.68,0.32,0.0,0.9902208,0.0,0.009779232,0,0
197,0.96,0.04,0.0,0.97187465,0.028125325,0.0,0,0
198,1.0,0.0,0.0,0.99995756,0.0,4.2436714e-05,0,0
199,1.0,0.0,0.0,1.0,0.0,0.0,0,0
200,1.0,0.0,0.0,0.997178,0.0027670946,5.4897657e-05,0,0
201,1.0,0.0,0.0,1.0,0.0,0.0,0,0
202,1.0,0.0,0.0,0.95991504,0.040084966,0.0,0,0
203,1.0,0.0,0.0,0.99373555,0.006264443,0.0,0,0
204,1.0,0.0,0.0,0.97245306,0.027546909,0.0,0,0
205,1.0,0.0,0.0,1.0,0.0,0.0,0,0
206,1.0,0.0,0.0,0.9992773,0.0007227071,0.0,0,0
207,1.0,0.0,0.0,0.9999951,0.0,4.8971006e-06,0,0
208,1.0,0.0,0.0,1.0,0.0,0.0,0,0
209,1.0,0.0,0.0,1.0,0.0,0.0,0,0
210,1.0,0.0,0.0,0.97408366,0.025915533,8.441831e-07,0,0
211,1.0,0.0,0.0,0.99475366,0.0,0.005246315,0,0
212,1.0,0.0,0.0,0.9999845,0.0,1.553434e-05,0,0
213,1.0,0.0,0.0,0.9993048,0.0,0.0006952399,0,0
214,1.0,0.0,0.0,1.0,0.0,0.0,0,0
215,0.8958333333333334,0.0,0.10416666666666667,0.87597525,0.046211585,0.07781313,0,0
216,1.0,0.0,0.0,0.9755405,0.024459537,0.0,0,0
217,1.0,0.0,0.0,0.9586278,0.041372098,0.0,0,0
218,1.0,0.0,0.0,0.99991053,0.0,8.947121e-05,0,0
219,1.0,0.0,0.0,1.0,0.0,0.0,0,0
220,1.0,0.0,0.0,0.9998736,0.0,0.00012634617,0,0
221,1.0,0.0,0.0,1.0,0.0,0.0,0,0
222,1.0,0.0,0.0,0.999983,0.0,1.6945824e-05,0,0
223,1.0,0.0,0.0,0.99127704,0.008722896,0.0,0,0
224,1.0,0.0,0.0,0.3095062,0.6904707,2.306124e-05,0,1
225,1.0,0.0,0.0,0.994738,0.0052619665,0.0,0,0
226,1.0,0.0,0.0,1.0,0.0,0.0,0,0
227,1.0,0.0,0.0,0.9902191,0.009780826,0.0,0,0
228,1.0,0.0,0.0,1.0,0.0,0.0,0,0
229,1.0,0.0,0.0,0.97431576,0.025684245,0.0,0,0
230,0.96,0.04,0.0,0.967391,0.03260896,0.0,0,0
231,1.0,0.0,0.0,1.0,0.0,0.0,0,0
232,1.0,0.0,0.0,0.995192,0.0048080175,0.0,0,0
233,1.0,0.0,0.0,0.9930044,0.0069956775,0.0,0,0
234,1.0,0.0,0.0,1.0,0.0,0.0,0,0
235,1.0,0.0,0.0,0.9819129,0.017971788,0.0001152794,0,0
236,1.0,0.0,0.0,0.9389898,0.061010193,0.0,0,0
237,0.96,0.04,0.0,0.99894613,0.0010538481,0.0,0,0
238,1.0,0.0,0.0,0.98047,0.019529961,0.0,0,0
239,1.0,0.0,0.0,0.99871707,0.0012829413,0.0,0,0
240,1.0,0.0,0.0,0.99611485,0.0038851588,0.0,0,0
241,1.0,0.0,0.0,0.9988085,0.0011914837,0.0,0,0
242,1.0,0.0,0.0,0.97926116,0.020738786,0.0,0,0
243,1.0,0.0,0.0,1.0,0.0,0.0,0,0
244,1.0,0.0,0.0,0.86436975,0.13158107,0.004049141,0,0
245,1.0,0.0,0.0,0.9800578,0.019942274,0.0,0,0
246,1.0,0.0,0.0,0.99987847,0.00012153544,0.0,0,0
247,1.0,0.0,0.0,0.9918806,0.008119417,0.0,0,0
248,1.0,0.0,0.0,0.99509484,0.0,0.0049051987,0,0
249,1.0,0.0,0.0,0.95810086,0.041899115,0.0,0,0
250,1.0,0.0,0.0,0.9961871,0.0038129468,0.0,0,0
251,1.0,0.0,0.0,0.9741965,0.025803505,0.0,0,0
