,actual_p_stable,actual_p_sub,actual_p_del,pred_p_stable,pred_p_sub,pred_p_del
0,1.0,0.0,0.0,0.9940247,0.0045300787,0.0014452585
1,0.0,1.0,0.0,0.9908728,0.007178341,0.0019489126
2,1.0,0.0,0.0,0.9897189,0.007572082,0.0027089836
3,1.0,0.0,0.0,0.93583626,0.05059678,0.013566958
4,1.0,0.0,0.0,0.99912935,0.0006330354,0.00023763072
5,1.0,0.0,0.0,0.94414526,0.041272365,0.014582299
6,1.0,0.0,0.0,0.8924466,0.081577584,0.025975825
7,1.0,0.0,0.0,0.95805097,0.031978365,0.009970685
8,1.0,0.0,0.0,0.9648991,0.02515279,0.009948175
9,1.0,0.0,0.0,0.9950859,0.0040833955,0.000830727
10,1.0,0.0,0.0,0.9461251,0.043988194,0.009886625
11,1.0,0.0,0.0,0.95171064,0.03612173,0.012167537
12,1.0,0.0,0.0,0.95177394,0.039128043,0.009097996
13,1.0,0.0,0.0,0.9383637,0.049377646,0.01225866
14,1.0,0.0,0.0,0.8060724,0.15595582,0.037971705
15,1.0,0.0,0.0,0.991816,0.006182876,0.0020011067
16,1.0,0.0,0.0,0.9856743,0.012280814,0.0020448365
17,1.0,0.0,0.0,0.8600206,0.11802131,0.021958198
18,1.0,0.0,0.0,0.9583677,0.033635724,0.007996502
19,1.0,0.0,0.0,0.8684877,0.101467766,0.030044515
20,1.0,0.0,0.0,0.9999502,3.982279e-05,1.0061454e-05
21,1.0,0.0,0.0,0.9850941,0.012304917,0.0026009884
22,1.0,0.0,0.0,0.99687624,0.0025351297,0.00058854435
23,1.0,0.0,0.0,0.88776803,0.086121574,0.026110465
24,1.0,0.0,0.0,0.79961765,0.1514218,0.04896059
25,1.0,0.0,0.0,0.9497572,0.041782416,0.0084603345
26,1.0,0.0,0.0,0.8875767,0.08914602,0.023277305
27,1.0,0.0,0.0,0.9951793,0.0036115139,0.0012092136
28,1.0,0.0,0.0,0.8811364,0.08839852,0.030465098
29,1.0,0.0,0.0,0.7294992,0.20028982,0.07021098
30,1.0,0.0,0.0,0.860951,0.10253043,0.03651855
31,1.0,0.0,0.0,0.99823403,0.0013666867,0.00039926992
32,1.0,0.0,0.0,0.86334217,0.12447127,0.012186598
33,1.0,0.0,0.0,0.99566805,0.003125798,0.0012061493
34,1.0,0.0,0.0,0.97184044,0.024578547,0.0035810445
35,1.0,0.0,0.0,0.895631,0.08215456,0.022214526
36,1.0,0.0,0.0,0.6921493,0.2594691,0.048381615
37,1.0,0.0,0.0,0.93739057,0.04675853,0.01585088
38,1.0,0.0,0.0,0.9121451,0.070909284,0.016945656
39,1.0,0.0,0.0,0.96721834,0.027573042,0.0052085686
40,1.0,0.0,0.0,0.9980332,0.0015410254,0.00042563272
41,1.0,0.0,0.0,0.9840933,0.013004079,0.0029026326
42,1.0,0.0,0.0,0.9029921,0.08291628,0.014091569
43,1.0,0.0,0.0,0.9260403,0.05750303,0.016456703
44,1.0,0.0,0.0,0.9941109,0.004430468,0.0014585926
45,1.0,0.0,0.0,0.9733515,0.02014731,0.0065011866
46,1.0,0.0,0.0,0.6307109,0.31726956,0.052019548
47,1.0,0.0,0.0,0.78555816,0.17574468,0.038697183
48,1.0,0.0,0.0,0.98603684,0.010479344,0.0034837676
49,1.0,0.0,0.0,0.958016,0.03439434,0.007589668
50,1.0,0.0,0.0,0.9989379,0.00078248826,0.00027964837
51,1.0,0.0,0.0,0.99984205,0.00012828555,2.9675872e-05
52,1.0,0.0,0.0,0.9648205,0.02778908,0.007390473
53,1.0,0.0,0.0,0.9657192,0.024708489,0.009572394
54,1.0,0.0,0.0,0.95278406,0.03340869,0.0138072455
55,1.0,0.0,0.0,0.9933431,0.0050745383,0.0015822814
56,1.0,0.0,0.0,0.9995372,0.00037784784,8.493987e-05
57,1.0,0.0,0.0,0.9657059,0.02410503,0.010189105
58,1.0,0.0,0.0,0.83970255,0.122276776,0.038020745
59,1.0,0.0,0.0,0.7373487,0.22044712,0.04220418
60,1.0,0.0,0.0,0.9924541,0.0057688705,0.0017769877
61,1.0,0.0,0.0,0.94939226,0.041108854,0.009498935
62,1.0,0.0,0.0,0.9758537,0.017607167,0.0065392423
63,1.0,0.0,0.0,0.82602155,0.14156653,0.03241193
64,1.0,0.0,0.0,0.9909667,0.0074508614,0.0015825606
65,1.0,0.0,0.0,0.9982255,0.0014146937,0.0003598281
66,1.0,0.0,0.0,0.9171825,0.07169351,0.01112398
67,1.0,0.0,0.0,0.99661475,0.002554422,0.00083083456
68,1.0,0.0,0.0,0.93269724,0.051622175,0.015680565
69,1.0,0.0,0.0,0.9800709,0.016330814,0.0035983275
70,1.0,0.0,0.0,0.7424958,0.2249395,0.032564748
71,1.0,0.0,0.0,0.89450014,0.0899468,0.015553073
72,1.0,0.0,0.0,0.9860676,0.010041601,0.0038907984
73,1.0,0.0,0.0,0.8801854,0.10370475,0.016109815
74,1.0,0.0,0.0,0.9029102,0.07888614,0.018203741
75,1.0,0.0,0.0,0.8766417,0.093239486,0.030118894
76,1.0,0.0,0.0,0.9857287,0.011238308,0.003033015
77,1.0,0.0,0.0,0.98092926,0.015300024,0.003770662
78,1.0,0.0,0.0,0.96674156,0.027328184,0.005930272
79,1.0,0.0,0.0,0.9089309,0.06871096,0.02235808
80,1.0,0.0,0.0,0.79051703,0.16238715,0.04709581
81,1.0,0.0,0.0,0.9904931,0.007839073,0.0016678042
82,1.0,0.0,0.0,0.9995216,0.00037993462,9.840816e-05
83,1.0,0.0,0.0,0.971359,0.022050956,0.0065899976
84,1.0,0.0,0.0,0.999276,0.0005939215,0.00013003738
85,1.0,0.0,0.0,0.9126099,0.066304065,0.021085931
86,1.0,0.0,0.0,0.9828828,0.012677062,0.0044401516
87,1.0,0.0,0.0,0.96354765,0.026914913,0.009537434
88,1.0,0.0,0.0,0.9760134,0.020445129,0.0035414929
89,1.0,0.0,0.0,0.7434631,0.19653094,0.06000596
90,1.0,0.0,0.0,0.9212388,0.06862861,0.0101326015
91,1.0,0.0,0.0,0.8756822,0.09689941,0.027418384
92,1.0,0.0,0.0,0.99106884,0.006921738,0.002009406
93,1.0,0.0,0.0,0.9975394,0.0019743794,0.00048625434
94,1.0,0.0,0.0,0.98842233,0.009473311,0.0021042817
95,1.0,0.0,0.0,0.864956,0.10236461,0.032679427
96,1.0,0.0,0.0,0.9110828,0.06643137,0.022485906
97,1.0,0.0,0.0,0.98491734,0.011224321,0.0038583935
98,1.0,0.0,0.0,0.96210337,0.030853601,0.0070430613
99,1.0,0.0,0.0,0.8438361,0.124069236,0.0320946
100,1.0,0.0,0.0,0.6190003,0.30037978,0.08061987
101,1.0,0.0,0.0,0.9835963,0.0137891825,0.0026145682
102,1.0,0.0,0.0,0.92577636,0.05556629,0.018657321
103,1.0,0.0,0.0,0.88933396,0.092821434,0.017844535
104,1.0,0.0,0.0,0.992332,0.006038132,0.0016299185
105,1.0,0.0,0.0,0.830163,0.12994839,0.039888583
106,1.0,0.0,0.0,0.62398684,0.3187174,0.057295788
107,1.0,0.0,0.0,0.72252214,0.22490191,0.05257589
108,1.0,0.0,0.0,0.9771161,0.017094098,0.00578979
109,1.0,0.0,0.0,0.97799647,0.015560523,0.0064429957
110,1.0,0.0,0.0,0.9897138,0.00738457,0.0029016894
111,1.0,0.0,0.0,0.99867046,0.0010562016,0.00027331343
112,1.0,0.0,0.0,0.9724869,0.022186587,0.0053264867
113,1.0,0.0,0.0,0.7268269,0.2124286,0.060744446
114,1.0,0.0,0.0,0.7846392,0.18175541,0.033605456
115,1.0,0.0,0.0,0.89092106,0.09730245,0.011776474
116,1.0,0.0,0.0,0.9621005,0.029946655,0.007952763
117,1.0,0.0,0.0,0.9979919,0.0015121103,0.00049596245
118,1.0,0.0,0.0,0.95449543,0.03518955,0.010315012
119,1.0,0.0,0.0,0.99708873,0.00237286,0.0005384302
120,1.0,0.0,0.0,0.9999565,3.456106e-05,8.989948e-06
121,1.0,0.0,0.0,0.92742884,0.062460233,0.010110884
122,1.0,0.0,0.0,0.7061724,0.22107846,0.0727492
123,1.0,0.0,0.0,0.9290042,0.056964617,0.014031197
124,1.0,0.0,0.0,0.7940427,0.15875709,0.0472002
125,1.0,0.0,0.0,0.8508287,0.12554374,0.023627594
126,1.0,0.0,0.0,0.9899665,0.007783972,0.002249591
