wuhan_resnum,rf_prob,rf_pred,actual
792.0,0.176,0,0
1241.0,0.034,0,0
748.0,0.108,0,0
1266.0,0.246,0,0
507.0,0.05,0,0
315.0,0.124,0,0
456.0,0.13,0,1
79.0,0.074,0,0
406.0,0.334,0,0
607.0,0.104,0,0
949.0,0.128,0,0
1143.0,0.076,0,1
1079.0,0.024,0,0
11.0,0.726,1,1
261.0,0.108,0,0
1211.0,0.17,0,0
241.0,0.034,0,0
728.0,0.128,0,0
862.0,0.122,0,0
1209.0,0.194,0,0
910.0,0.014,0,0
913.0,0.018,0,0
1178.0,0.038,0,0
1158.0,0.13,0,0
117.0,0.244,0,0
487.0,0.118,0,0
239.0,0.052,0,0
501.0,0.128,0,1
746.0,0.078,0,0
1096.0,0.074,0,0
206.0,0.072,0,0
188.0,0.112,0,0
667.0,0.084,0,0
208.0,0.166,0,0
1152.0,0.09,0,0
1015.0,0.02,0,0
257.0,0.15,0,0
36.0,0.1,0,0
429.0,0.024,0,0
177.0,0.034,0,1
49.0,0.22,0,0
280.0,0.054,0,0
799.0,0.058,0,0
782.0,0.022,0,0
804.0,0.068,0,0
771.0,0.006,0,1
1215.0,0.036,0,0
170.0,0.09,0,0
211.0,0.17,0,1
115.0,0.036,0,0
1142.0,0.074,0,0
1174.0,0.008,0,0
741.0,0.062,0,0
272.0,0.052,0,0
550.0,0.08,0,0
751.0,0.068,0,0
946.0,0.078,0,0
1102.0,0.106,0,0
855.0,0.058,0,0
1212.0,0.066,0,0
1146.0,0.134,0,0
957.0,0.09,0,0
733.0,0.112,0,0
1075.0,0.082,0,0
494.0,0.094,0,0
1030.0,0.038,0,0
95.0,0.05,0,1
895.0,0.03,0,0
290.0,0.08,0,0
1119.0,0.036,0,0
1148.0,0.064,0,0
338.0,0.04,0,0
298.0,0.128,0,0
716.0,0.048,0,0
590.0,0.066,0,0
1172.0,0.01,0,0
1167.0,0.078,0,0
413.0,0.072,0,0
198.0,0.176,0,1
750.0,0.06,0,0
260.0,0.068,0,0
479.0,0.256,0,0
1153.0,0.154,0,0
121.0,0.056,0,0
1179.0,0.008,0,0
755.0,0.072,0,0
466.0,0.298,0,0
606.0,0.076,0,0
582.0,0.042,0,0
937.0,0.142,0,0
510.0,0.16,0,0
303.0,0.028,0,0
794.0,0.178,0,0
342.0,0.024,0,0
1224.0,0.02,0,0
863.0,0.084,0,0
1256.0,0.108,0,0
754.0,0.104,0,0
253.0,0.226,0,1
349.0,0.076,0,0
471.0,0.038,0,0
923.0,0.09,0,0
1099.0,0.04,0,0
453.0,0.254,0,0
1186.0,0.008,0,0
500.0,0.206,0,0
58.0,0.054,0,0
1095.0,0.138,0,0
979.0,0.112,0,0
43.0,0.094,0,0
954.0,0.132,0,1
721.0,0.086,0,0
93.0,0.052,0,0
1171.0,0.048,0,0
659.0,0.186,0,0
608.0,0.082,0,0
149.0,0.084,0,0
815.0,0.184,0,0
1156.0,0.044,0,0
255.0,0.142,0,0
642.0,0.044,0,0
668.0,0.15,0,0
1053.0,0.076,0,0
1208.0,0.264,0,0
1.0,0.706,1,1
275.0,0.288,0,0
289.0,0.056,0,0
397.0,0.054,0,0
129.0,0.128,0,0
169.0,0.206,0,0
354.0,0.09,0,0
1109.0,0.114,0,0
885.0,0.064,0,0
409.0,0.242,0,0
327.0,0.01,0,0
628.0,0.046,0,1
235.0,0.03,0,0
1007.0,0.08,0,0
464.0,0.146,0,0
458.0,0.128,0,0
920.0,0.058,0,0
555.0,0.038,0,0
1244.0,0.02,0,0
1090.0,0.078,0,0
371.0,0.108,0,1
467.0,0.122,0,0
684.0,0.138,0,0
859.0,0.04,0,1
995.0,0.02,0,0
1144.0,0.04,0,0
256.0,0.14,0,0
718.0,0.106,0,0
962.0,0.014,0,0
1192.0,0.12,0,0
832.0,0.06,0,0
161.0,0.046,0,0
736.0,0.06,0,0
465.0,0.26,0,0
418.0,0.03,0,0
811.0,0.262,0,0
384.0,0.088,0,0
125.0,0.062,0,0
620.0,0.072,0,0
812.0,0.288,0,0
64.0,0.042,0,0
110.0,0.194,0,0
532.0,0.212,0,0
1002.0,0.162,0,0
222.0,0.246,0,1
571.0,0.206,0,0
568.0,0.238,0,0
984.0,0.012,0,0
1021.0,0.088,0,0
42.0,0.084,0,0
787.0,0.098,0,0
625.0,0.048,0,0
891.0,0.026,0,0
490.0,0.112,0,1
987.0,0.008,0,0
299.0,0.06,0,0
1147.0,0.084,0,0
658.0,0.056,0,0
1245.0,0.044,0,0
335.0,0.086,0,0
382.0,0.09,0,0
1252.0,0.052,0,0
31.0,0.274,0,1
174.0,0.088,0,0
217.0,0.078,0,0
457.0,0.05,0,0
485.0,0.068,0,0
287.0,0.134,0,0
1243.0,0.01,0,0
472.0,0.038,0,0
878.0,0.122,0,0
709.0,0.036,0,0
960.0,0.038,0,0
567.0,0.284,0,0
325.0,0.07,0,0
977.0,0.004,0,0
1128.0,0.012,0,0
665.0,0.102,0,0
183.0,0.29,0,1
892.0,0.082,0,0
562.0,0.064,0,0
756.0,0.094,0,0
1259.0,0.112,0,0
666.0,0.102,0,0
848.0,0.04,0,0
677.0,0.192,0,0
16.0,0.068,0,0
309.0,0.094,0,0
911.0,0.01,0,0
866.0,0.024,0,0
493.0,0.08,0,1
921.0,0.212,0,0
264.0,0.076,0,1
148.0,0.11,0,1
603.0,0.074,0,0
1247.0,0.01,0,0
448.0,0.214,0,0
882.0,0.048,0,0
1257.0,0.07,0,0
757.0,0.062,0,0
594.0,0.11,0,0
1081.0,0.06,0,0
958.0,0.066,0,0
699.0,0.156,0,0
907.0,0.082,0,0
488.0,0.148,0,0
842.0,0.074,0,0
250.0,0.182,0,0
35.0,0.072,0,0
1084.0,0.144,0,0
774.0,0.036,0,0
535.0,0.126,0,0
162.0,0.072,0,0
952.0,0.028,0,0
932.0,0.078,0,1
1120.0,0.116,0,0
822.0,0.016,0,0
994.0,0.01,0,0
52.0,0.076,0,1
600.0,0.136,0,0
858.0,0.088,0,0
838.0,0.112,0,0
357.0,0.222,0,0
1076.0,0.09,0,0
1255.0,0.114,0,0
19.0,0.082,0,1
1080.0,0.186,0,0
320.0,0.062,0,1
59.0,0.044,0,0
934.0,0.05,0,0
1218.0,0.008,0,0
